Year,FDI
1998,0.625285966
1999,0.472644846
2000,0.765212649
2001,1.056378305
2002,1.011571805
2003,0.605889255
2004,0.765601405
2005,0.88610072
2006,2.130168425
2007,2.073395746
2008,3.620521897
2009,2.651593127
2010,1.635034274
2011,2.002065027
2012,1.312934337
2013,1.516275965
2014,1.695658786
2015,2.092115754
